,Title,Views,Likes,Comments,Favorites,Publish_date,Hour,Day of Week,Month,Year
0,Is the Economy on the Brink of a Recession? | Let's Look at the Data!,1,18,5,0,2024-06-13,11,Thu,Jun,2024
1,Top 5 Most Common Excel Functions in Excel,2935,180,7,0,2024-06-11,12,Tue,Jun,2024
2,5 Awesome Excel Functions You've Probably Never Heard Of,3863,188,15,0,2024-06-04,12,Tue,Jun,2024
3,How to Create Custom Functions in Excel | Lambda Functions,4585,182,10,0,2024-05-28,12,Tue,May,2024
4,Top 5 Most Popular Functions In Microsoft Excel,13206,372,25,0,2024-05-21,12,Tue,May,2024
5,Infrastructure of Analyst Builder | Entire Tech Stack | Part 3,3472,70,9,0,2024-05-14,12,Tue,May,2024
6,2 Hour Data Analyst Interview Masterclass | Interview Better Than The Competition,45422,1771,43,0,2024-05-07,15,Tue,May,2024
7,Challenges of Creating Analyst Builder | Challenges of a Startup | Part 2,2070,57,11,0,2024-05-07,12,Tue,May,2024
8,How We Started Analyst Builder | How We Created It | Part 1,5509,195,32,0,2024-04-30,12,Tue,Apr,2024
9,MySQL Exploratory Data Analysis | Full Project,32691,858,47,0,2024-04-23,12,Tue,Apr,2024
10,750k Subscriber Livestream! | Giveaways | Songs | Q/A,5089,232,14,0,2024-04-18,18,Thu,Apr,2024
11,Data Cleaning in MySQL | Full Project,67442,1895,249,0,2024-04-16,12,Tue,Apr,2024
12,How to get Promoted as a Data Analyst | Alex The Analyst Show Episode 26,7679,243,75,0,2024-04-09,12,Tue,Apr,2024
13,Triggers and Events in MySQL | Advanced MySQL Series,18399,687,28,0,2024-04-02,12,Tue,Apr,2024
14,How to give up on the job search fast,9979,645,18,0,2024-03-27,12,Wed,Mar,2024
15,Stored Procedures in MySQL | Advanced MySQL Series,18617,447,21,0,2024-03-26,12,Tue,Mar,2024
16,Temp Tables in MySQL | Advanced MySQL Series,15467,412,19,0,2024-03-19,12,Tue,Mar,2024
17,CTEs in MySQL | Advanced MySQL Series,25416,542,24,0,2024-03-12,12,Tue,Mar,2024
18,7 Mistakes to Avoid During Your Data Analyst Job Search,17601,653,50,0,2024-03-05,13,Tue,Mar,2024
19,#DataAnalyst #AnalystBuilder #SQL,11042,759,14,0,2024-03-01,13,Fri,Mar,2024
20,Q/A Livestream | February Livestream | Ask Me Anything!,5454,191,7,0,2024-02-29,17,Thu,Feb,2024
21,Window Functions in MySQL | Intermediate MySQL,30131,935,49,0,2024-02-27,13,Tue,Feb,2024
22,Twitter making me tear up over here ðŸ¥¹,5265,250,11,0,2024-02-23,13,Fri,Feb,2024
23,Subqueries in MySQL | Intermediate MySQL,25987,540,26,0,2024-02-20,13,Tue,Feb,2024
24,Case Statements in MySQL | Intermediate MySQL,23338,524,30,0,2024-02-13,13,Tue,Feb,2024
25,We did our best,4947,189,5,0,2024-02-08,13,Thu,Feb,2024
26,"Microsoft Copilot Full Review | AI in Word, PowerPoint, Excel and More!",62195,801,43,0,2024-02-06,13,Tue,Feb,2024
27,Top 5 Emerging Trends in 2024 | CareerFoundry Webinar,13067,474,10,0,2024-01-30,17,Tue,Jan,2024
28,String Functions in MySQL | Intermediate MySQL Series,24480,525,18,0,2024-01-30,13,Tue,Jan,2024
29,Unions in MySQL | Intermediate MySQL,23351,527,30,0,2024-01-23,13,Tue,Jan,2024
30,Joins in MySQL | Intermediate MySQL,54080,794,44,0,2024-01-16,13,Tue,Jan,2024
31,Is my background in Data Analytics?,14060,914,16,0,2024-01-15,14,Mon,Jan,2024
32,Solving VERY HARD SQL Interview Questions on Analyst Builder,13016,390,16,0,2024-01-11,13,Thu,Jan,2024
33,Solving HARD SQL Interview Questions on Analyst Builder,19965,412,31,0,2024-01-09,13,Tue,Jan,2024
34,Hard Skills vs Soft Skills,8761,634,3,0,2024-01-08,13,Mon,Jan,2024
35,Solving Medium SQL Interview Questions on Analyst Builder,20440,476,43,0,2024-01-04,13,Thu,Jan,2024
36,Solving Easy SQL Interview Questions on Analyst Builder,34560,863,48,0,2024-01-02,13,Tue,Jan,2024
37,How I Would Become a Data Analyst if I had to Start Over in 2024 | 6 Month Plan,259215,10516,299,0,2023-12-26,13,Tue,Dec,2023
38,Limit + Aliasing in MySQL | MySQL Beginner Series,28430,621,23,0,2023-12-19,13,Tue,Dec,2023
39,Practice SQL and Python right on your Phone!,7871,554,19,0,2023-12-13,16,Wed,Dec,2023
40,Analyst Builder Full Launch! | The Learning Platform Built for Data Analysts,21490,938,106,0,2023-12-12,13,Tue,Dec,2023
41,Analyst Builder Full Launch LiveStream | 20% Off Code & Giveaways,11631,475,14,0,2023-12-11,19,Mon,Dec,2023
42,Having vs Where in MySQL | Beginner MySQL Series,31777,708,21,0,2023-12-05,13,Tue,Dec,2023
43,#Excel is Frustrating,9537,611,8,0,2023-11-29,18,Wed,Nov,2023
44,7 Mistakes to Avoid in Your Data Analytics Job Search | CareerFoundry Webinar,13606,431,11,0,2023-11-28,17,Tue,Nov,2023
45,Group By + Order By in MySQL | Beginner MySQL Series,38470,827,26,0,2023-11-28,13,Tue,Nov,2023
46,Where Clause in MySQL | Beginner MySQL Series,42414,850,46,0,2023-11-21,13,Tue,Nov,2023
47,Why Data Analysts Hate Using Excel,24152,922,140,0,2023-11-14,13,Tue,Nov,2023
48,Select Statement in MySQL | Beginner MySQL Series,72067,1017,40,0,2023-11-07,13,Tue,Nov,2023
49,Installing MySQL and Creating Databases | MySQL for Beginners,223371,3310,364,0,2023-10-31,12,Tue,Oct,2023
50,Python Beginner to Advanced in One Hour | CareerFoundry Webinar,24460,970,15,0,2023-10-26,16,Thu,Oct,2023
51,How to Start a Data YouTube Channel,8494,391,46,0,2023-10-24,12,Tue,Oct,2023
52,600k Livestream! | Analyst Builder Giveaways | Songs | My Mom is Joining!,5138,240,11,0,2023-10-20,16,Fri,Oct,2023
53,Consulting and Freelancing in Data Analytics | ATA Show: Episode 25,15746,600,233,0,2023-10-17,12,Tue,Oct,2023
54,Data Analyst vs Business Analyst,44916,2733,28,0,2023-10-13,13,Fri,Oct,2023
55,First Look at Analyst Builder! | The All-in-One Platform for Data Analysts | Beta Launch Coming Soon,31950,856,214,0,2023-10-10,12,Tue,Oct,2023
56,#DataAnalysis #DataAnalyst #DataRealities,21453,1307,19,0,2023-10-09,12,Mon,Oct,2023
57,#DataAnalyst #DataCareers #DataAnalysis,14258,1079,29,0,2023-10-05,12,Thu,Oct,2023
58,"Data Analyst vs Data Engineer | Responsibilities, Salaries, Skills, Education",34911,758,41,0,2023-10-03,12,Tue,Oct,2023
59,Data Analyst Q/A Livestream | September Livestream | Ask Me Anything!,8930,286,21,0,2023-09-28,16,Thu,Sep,2023
60,#Salary #DataAnalyst #SalaryNegotiation,12164,833,7,0,2023-09-28,12,Thu,Sep,2023
61,AI and Analytics with SAS | SAS Explore Recap,14037,386,27,0,2023-09-26,12,Tue,Sep,2023
62,My Very First Video,7832,440,25,0,2023-09-25,13,Mon,Sep,2023
63,#DataAnalyst #CareerPath,19774,1522,17,0,2023-09-22,11,Fri,Sep,2023
64,"Data Analyst vs Data Scientist | Responsibilities, Salaries, Skills, Education",43416,1077,53,0,2023-09-19,12,Tue,Sep,2023
65,#Excel #DataAnalyst #DataAnalysis,13202,1087,20,0,2023-09-18,11,Mon,Sep,2023
66,"Data Analyst vs Business Analyst | Responsibilities, Salaries, Skills, Education",42909,1551,100,0,2023-09-12,12,Tue,Sep,2023
67,#DataAnalysis #DataAnalyst,18873,1396,23,0,2023-09-07,11,Thu,Sep,2023
68,Hard Skills vs Soft Skills in the Data World | Which is More Important?,13909,639,29,0,2023-09-05,12,Tue,Sep,2023
69,"Entry Level vs Mid Level vs Senior Level Data Analyst | Responsibilities, Salary, Education, Skills",40086,1808,113,0,2023-08-29,04,Tue,Aug,2023
70,#DataAnalyst #DataAnalysis #Promotion,10156,604,10,0,2023-08-28,11,Mon,Aug,2023
71,#DataAnalyst #DataAnalysis,19155,1295,53,0,2023-08-24,11,Thu,Aug,2023
72,Regular Expression Use Cases in Python,8500,196,18,0,2023-08-22,12,Tue,Aug,2023
73,Data Analyst Q/A Livestream | August Livestream | Ask Me Anything!,8448,320,25,0,2023-08-18,14,Fri,Aug,2023
74,#DataAnalystSalary #DataAnalysis,32788,2457,40,0,2023-08-17,12,Thu,Aug,2023
75,How to Work with Recruiters on LinkedIn,32565,1705,80,0,2023-08-15,12,Tue,Aug,2023
76,#dataanalysis #dataportfolio,22963,2061,24,0,2023-08-14,12,Mon,Aug,2023
77,#wife #careerchange #dataanalysis,19432,1841,50,0,2023-08-11,13,Fri,Aug,2023
78,LINK: https://www.youtube.com/playlist?list=PLUaB-1hjhk8FE_XZ87vPPSfHqb6OcM0cF,6653,717,44,0,2023-08-09,13,Wed,Aug,2023
79,Regular Expression Character Classes in Python,8845,161,13,0,2023-08-08,12,Tue,Aug,2023
80,#Recruiters #dataanalysis #data,15613,1078,24,0,2023-08-03,11,Thu,Aug,2023
81,Regular Expression Metacharacters in Python,6777,173,8,0,2023-08-01,12,Tue,Aug,2023
82,How much do Data Analysts make? #dataanalyst #dataanalystsalary,18922,753,41,0,2023-07-31,13,Mon,Jul,2023
83,Do you need to learn SQL if you can do everything in Python?  #Python #dataanalysis #SQL,44732,2718,40,0,2023-07-28,12,Fri,Jul,2023
84,Regular Expression Methods in Python,9871,251,13,0,2023-07-25,12,Tue,Jul,2023
85,What are Hiring Managers Looking For? | Nail the Interview Process!,26537,1104,66,0,2023-07-18,12,Tue,Jul,2023
86,Scraping Data from a Real Website | Web Scraping in Python,355281,6602,274,0,2023-07-11,12,Tue,Jul,2023
87,SQL Beginner to Advanced in One Hour | CareerFoundry Webinar,203232,6135,108,0,2023-07-06,17,Thu,Jul,2023
88,Find and Find_All | Web Scraping in Python,47346,1315,27,0,2023-07-04,12,Tue,Jul,2023
89,500k Livestream!!,6250,385,24,0,2023-06-28,17,Wed,Jun,2023
90,BeautifulSoup + Requests | Web Scraping in Python,101443,1996,49,0,2023-06-27,12,Tue,Jun,2023
91,Inspecting Web Pages with HTML | Web Scraping in Python,50761,1339,34,0,2023-06-20,12,Tue,Jun,2023
92,Best Places to Find Datasets for Your Projects,100259,2920,65,0,2023-06-13,12,Tue,Jun,2023
93,Exploratory Data Analysis in Pandas | Python Pandas Tutorials,109954,2693,165,0,2023-06-06,12,Tue,Jun,2023
94,Data Analyst Q/A Livestream | May Livestream | Ask Me Anything!,10210,366,21,0,2023-05-30,16,Tue,May,2023
95,What is Microsoft Fabric? | New Data Analytics Platform!,200428,4388,136,0,2023-05-29,12,Mon,May,2023
96,Data Cleaning in Pandas | Python Pandas Tutorials,251775,6528,336,0,2023-05-23,12,Tue,May,2023
97,The Ultimate Data Analytics Career Plan for 2023 | CareerFoundry Webinar,58218,1888,54,0,2023-05-16,16,Tue,May,2023
98,State of AI in Analytics | Will AI be the End of Data Analysts?,45450,1368,377,0,2023-05-15,12,Mon,May,2023
99,Google Bard Got An Upgrade! + Google's New AI Announcements!,33313,806,80,0,2023-05-12,12,Fri,May,2023
100,Creating Visualizations using Pandas Library | Python Pandas Tutorials,52811,1232,32,0,2023-05-09,11,Tue,May,2023
101,Merging DataFrames in Pandas | Python Pandas Tutorials,79699,1843,51,0,2023-05-02,12,Tue,May,2023
102,Data Analyst Q/A Livestream | April Livestream | Ask Me Anything!,10272,341,27,0,2023-04-27,16,Thu,Apr,2023
103,How to Integrate ChatGPT in Jupyter Notebooks for Free!,52458,1133,54,0,2023-04-25,11,Tue,Apr,2023
104,7 Ways to Use ChatGPT for Analytics | Webinar,38787,1076,34,0,2023-04-18,16,Tue,Apr,2023
105,Google Business Intelligence Professional Certification Review,40372,1147,70,0,2023-04-18,11,Tue,Apr,2023
106,Google Advanced Data Analytics Professional Certificate First Look | Is it Worth it?,143619,4125,380,0,2023-04-10,11,Mon,Apr,2023
107,Group By and Aggregate Functions in Pandas | Python Pandas Tutorials,63637,1664,93,0,2023-04-04,11,Tue,Apr,2023
108,Top 5 Biggest Mistakes Beginner Data Analysts Make,38694,1773,82,0,2023-03-28,11,Tue,Mar,2023
109,Indexes in Pandas | Python Pandas Tutorials,42232,1040,35,0,2023-03-21,11,Tue,Mar,2023
110,Create the Perfect Data Analyst Resume | Free Templates!,162667,4835,219,0,2023-03-14,11,Tue,Mar,2023
111,Filtering Columns and Rows in Pandas | Python Pandas Tutorials,67166,1501,50,0,2023-03-07,12,Tue,Mar,2023
112,Data Analyst Q/A Livestream | March Livestream | Ask Me Anything!,11162,398,33,0,2023-03-02,16,Thu,Mar,2023
113,Reading in Files in Pandas | Python Pandas Tutorials,133405,2349,74,0,2023-02-28,12,Tue,Feb,2023
114,Building an Automated File Sorter in File Explorer using Python | Python Projects for Beginners,50540,1168,76,0,2023-02-21,12,Tue,Feb,2023
115,ChatGPT for Data Analysts | Best Use Cases + Analyzing a Dataset,441710,8307,224,0,2023-02-14,12,Tue,Feb,2023
116,FREE Data Analyst Bootcamp!!,1151521,33947,1402,0,2023-02-07,12,Tue,Feb,2023
117,How to Become a Data Analyst in 2023 (Completely FREE!),1056589,36536,1054,0,2023-01-31,12,Tue,Jan,2023
118,Live Portfolio Review with Alex the Analyst!  | Live Webinar,17525,631,23,0,2023-01-25,17,Wed,Jan,2023
119,DIY Data Analyst Curriculum using Udemy (Under $75),37544,1389,117,0,2023-01-24,12,Tue,Jan,2023
120,Reviewing Maven Analytics Free Portfolio Website,23495,734,45,0,2023-01-17,12,Tue,Jan,2023
121,5 Study Hacks for Beginner Data Analysts! | Live Webinar,46105,1361,36,0,2023-01-16,17,Mon,Jan,2023
122,DIY Data Analyst Curriculum using Coursera in 2023,61455,2920,221,0,2023-01-10,12,Tue,Jan,2023
123,Building a BMI Calculator with Python | Python Projects for Beginners,64027,1377,71,0,2023-01-03,12,Tue,Jan,2023
124,"Reading, Writing, and Appending Files in Python | Python for Beginners",7076,233,12,0,2022-12-27,13,Tue,Dec,2022
125,Why I Quit my 125k Analytics Job,156700,8702,862,0,2022-12-20,12,Tue,Dec,2022
126,Data Analyst Q/A Livestream + Special Guest! | December Livestream,5055,168,16,0,2022-12-17,14,Sat,Dec,2022
127,Converting Data Types in Python | Python for Beginners,35342,1008,28,0,2022-12-13,12,Tue,Dec,2022
128,Functions in Python | Python for Beginners,45490,1216,29,0,2022-12-06,12,Tue,Dec,2022
129,While Loops in Python | Python for Beginners,44843,1259,23,0,2022-11-29,12,Tue,Nov,2022
130,For Loops in Python | Python for Beginners,45492,1117,23,0,2022-11-22,12,Tue,Nov,2022
131,Data Analyst Q/A Livestream | November Livestream,6264,201,18,0,2022-11-16,02,Wed,Nov,2022
132,If Else Statements in Python | Python for Beginners,39309,1099,25,0,2022-11-15,12,Tue,Nov,2022
133,"Comparison, Logical, and Membership Operators in Python | Python for Beginners",41829,1151,21,0,2022-11-08,12,Tue,Nov,2022
134,Data Types in Python | Python for Beginners,89719,2195,63,0,2022-11-01,11,Tue,Nov,2022
135,Data Analyst Q/A Livestream | October Livestream,5692,183,11,0,2022-10-31,01,Mon,Oct,2022
136,Variables in Python | Python for Beginners,89437,2048,59,0,2022-10-25,11,Tue,Oct,2022
137,300k Livestream! | Giveaways for People in Chat | Bring Your Wine,5258,244,23,0,2022-10-19,10,Wed,Oct,2022
138,Installing Jupyter Notebooks/Anaconda | Python for Beginners,292403,4646,131,0,2022-10-18,11,Tue,Oct,2022
139,Interviewing Tina Huang | Fellow YouTuber and Data Enthusiast,9460,335,21,0,2022-10-13,11,Thu,Oct,2022
140,Interviewing Luke Barousse | Arch-Nemesis and Fellow YouTuber,7302,326,31,0,2022-10-11,11,Tue,Oct,2022
141,When Best Friends Work Together (ft. Luke Barousse),15488,680,85,0,2022-10-04,10,Tue,Oct,2022
142,Data Analyst Live Stream | Riding out Hurricane Ian,6714,212,14,0,2022-10-01,01,Sat,Oct,2022
143,Full Power BI Guided Project | Microsoft Power BI for Beginners,362423,6918,402,0,2022-09-27,10,Tue,Sep,2022
144,Popular Visualizations in Power BI | Microsoft Power BI for Beginners,86650,2109,55,0,2022-09-20,10,Tue,Sep,2022
145,"Guided Portfolio Projects on Coursera | Python, SQL, Excel, Power BI, and Tableau",55736,2089,95,0,2022-09-13,10,Tue,Sep,2022
146,How to use Bins and Lists in Power BI | Microsoft Power BI for Beginners,80548,1866,43,0,2022-09-06,10,Tue,Sep,2022
147,How to use Conditional Formatting in Power BI | Microsoft Power BI for Beginners,127264,2128,48,0,2022-08-30,10,Tue,Aug,2022
148,Top 8 Mistakes Beginner Data Analyst's Make | CareerFoundry Webinar,76692,2065,76,0,2022-08-24,16,Wed,Aug,2022
149,Interviewing Ken Jee | The Face of Data Science on YouTube,7114,252,15,0,2022-08-23,10,Tue,Aug,2022
150,CareerFoundry Data Analytics Bootcamp Review | Bootcamp + Intro + Free Course Review,26287,641,124,0,2022-08-16,10,Tue,Aug,2022
151,How to use Drill Down in Power BI | Microsoft Power BI for Beginners,156742,2774,71,0,2022-08-09,10,Tue,Aug,2022
152,"Best Courses for Alternative Analyst Jobs | Marketing Analyst, Business Analyst, Financial Analyst",19623,846,72,0,2022-08-02,10,Tue,Aug,2022
153,250k Subscriber Live Stream!!,4160,157,11,0,2022-07-26,13,Tue,Jul,2022
154,How to use DAX in Power BI | Microsoft Power BI for Beginners,158777,3300,141,0,2022-07-26,10,Tue,Jul,2022
155,Tech Layoffs and Hiring Freezes | The Great Resignation | Alex The Analyst Show | Episode 23,21953,616,126,0,2022-07-19,10,Tue,Jul,2022
156,How to Create and Manage Relationships in Power BI | Microsoft Power BI for Beginners,194046,3542,88,0,2022-07-12,10,Tue,Jul,2022
157,Machine Learning Specialization on Coursera | Review,24170,770,63,0,2022-07-05,10,Tue,Jul,2022
158,Meta Marketing Analytics Professional Certificate on Coursera | Review,34405,907,102,0,2022-06-28,10,Tue,Jun,2022
159,Google's Secret Hiring Platform | Found in the Google Data Analytics Certification,45538,1648,134,0,2022-06-21,10,Tue,Jun,2022
160,How to use Power Query in Power BI | Microsoft Power BI for Beginners,273111,4476,85,0,2022-06-14,10,Tue,Jun,2022
161,Automating Crypto Website API Pull Using Python | Data Analyst Project,59143,1021,91,0,2022-06-07,10,Tue,Jun,2022
162,How to use a Public API | Using a Public API with Python,38248,1271,69,0,2022-05-31,10,Tue,May,2022
163,How to Install Power BI | Building First Visualization | Microsoft Power BI for Beginners,400540,7100,242,0,2022-05-24,10,Tue,May,2022
164,MySQL vs Postgresql vs Microsoft SQL Server Management Tools | Which Option is Best?,129041,2729,268,0,2022-05-17,10,Tue,May,2022
165,Top 3 Tips to Stop Procrastinating to be Successful,33282,1678,158,0,2022-05-10,10,Tue,May,2022
166,SQL vs NoSQL | What's the Difference?,58330,1772,66,0,2022-05-03,10,Tue,May,2022
167,Database vs Data Warehouse vs Data Lake | What is the Difference?,720333,19098,289,0,2022-04-26,10,Tue,Apr,2022
168,How I Manage My Time Working 60+ Hours Per Week | Alex The Analyst Show | Episode 22,11788,322,161,0,2022-04-20,10,Wed,Apr,2022
169,200k Livestream! | Shaving | Puppies | Giveaway,3172,133,11,0,2022-04-14,13,Thu,Apr,2022
170,Things I HATE About Being a Data Analyst,35657,1491,201,0,2022-04-12,10,Tue,Apr,2022
171,Best Website to Practice Technical Interview Questions,18850,662,55,0,2022-04-05,10,Tue,Apr,2022
172,Pros and Cons of Working Remote | Alex The Analyst Show | Episode 21,7063,275,161,0,2022-03-29,10,Tue,Mar,2022
173,Full Project in Excel | Excel Tutorials for Beginners,723186,15707,947,0,2022-03-22,10,Tue,Mar,2022
174,Top 5 Non-Technical Skills for Data Analysts,21551,810,73,0,2022-03-15,10,Tue,Mar,2022
175,Cleaning Data in Excel | Excel Tutorials for Beginners,483683,10269,294,0,2022-03-01,11,Tue,Mar,2022
176,Tableau Data Analyst Certification Review,63295,1574,127,0,2022-02-22,11,Tue,Feb,2022
177,Job Title Alternatives for Data Analysts,26184,1015,95,0,2022-02-15,11,Tue,Feb,2022
178,Best Coursera Courses for Data Analysts in 2022,115639,5670,220,0,2022-02-08,11,Tue,Feb,2022
179,Understanding Your Data Analyst Salary Offer | What To Know Before Accepting,20902,718,61,0,2022-02-01,11,Tue,Feb,2022
180,Charts in Excel | Excel Tutorials for Beginners,113306,2920,59,0,2022-01-25,11,Tue,Jan,2022
181,How I became a Data Analytics Manager | Alex The Analyst Show | Episode 20,22947,858,358,0,2022-01-18,11,Tue,Jan,2022
182,Conditional Formatting in Excel | Excel Tutorials for Beginners,157681,3473,98,0,2022-01-11,11,Tue,Jan,2022
183,150k Subscriber Livestream!!,3488,159,7,0,2022-01-10,14,Mon,Jan,2022
184,How To Become A Data Analyst In 2022,497343,22089,641,0,2022-01-04,11,Tue,Jan,2022
185,XLOOKUP in Excel | Excel Tutorials for Beginners,185654,4141,163,0,2021-12-28,11,Tue,Dec,2021
186,Formulas in Excel | Excel Tutorials for Beginners,301089,6850,369,0,2021-12-21,11,Tue,Dec,2021
187,Pivot Tables in Excel | Excel Tutorials for Beginners,592539,12290,338,0,2021-12-14,11,Tue,Dec,2021
188,Full Beginner Project in Tableau | Tableau Tutorials for Beginners,255975,5167,388,0,2021-12-07,11,Tue,Dec,2021
189,How to use Joins in Tableau | Tableau Tutorials for Beginners,117509,3268,61,0,2021-11-23,11,Tue,Nov,2021
190,Top 5 Major Red Flags in Job Descriptions,18244,958,72,0,2021-11-18,11,Thu,Nov,2021
191,Truth About My Job (Song) - As a Data Analyst,10685,885,107,0,2021-11-08,11,Mon,Nov,2021
192,How to Grow Your Analytics Career | Alteryx Webinar Oct 2021 | Tips to Break Into Analytics,11161,340,34,0,2021-10-26,10,Tue,Oct,2021
193,Choosing a Domain to Make More Money,19240,938,81,0,2021-10-19,10,Tue,Oct,2021
194,How to Create Visualizations in Tableau | Tableau Tutorials for Beginners,154913,3547,171,0,2021-10-05,11,Tue,Oct,2021
195,How to use Calculated Fields and Bins in Tableau | Tableau Tutorials for Beginners,199325,4341,85,0,2021-09-28,11,Tue,Sep,2021
196,How to Install Tableau and Create First Visualization | Tableau Tutorials for Beginners,635759,14896,368,0,2021-09-21,11,Tue,Sep,2021
197,How NOT to Become a Data Analyst (Funny?),17304,713,114,0,2021-09-07,11,Tue,Sep,2021
198,100k Subscriber Play Button Unboxing,2657,241,96,0,2021-08-31,11,Tue,Aug,2021
199,Amazon Web Scraping Using Python | Data Analyst Portfolio Project,252234,5811,603,0,2021-08-24,11,Tue,Aug,2021
200,Interviewing with PwC for a Senior Data Analyst Position,92369,2481,159,0,2021-08-17,11,Tue,Aug,2021
201,100k Livestream | Announcing Giveaway Winners | Trimming Mustache | Answering Questions,4741,191,26,0,2021-08-13,14,Fri,Aug,2021
202,I Am No Longer a Data Analyst | Turning Down PwC | New Job,143148,4417,489,0,2021-08-11,11,Wed,Aug,2021
203,When To Start Applying To Your First Data Analyst Job,79533,4282,233,0,2021-07-21,11,Wed,Jul,2021
204,Why You Need to Stop Taking Courses (From an Ex-Course Addict),130425,5633,364,0,2021-07-13,11,Tue,Jul,2021
205,How to Create a Portfolio Website for FREE,543954,12677,714,0,2021-06-29,11,Tue,Jun,2021
206,Data Analyst Portfolio Project | Correlation in Python | Project 4/4,162727,2924,483,0,2021-06-22,11,Tue,Jun,2021
207,How To Get a Data Analyst Job (with No Experience),461423,20085,599,0,2021-06-08,11,Tue,Jun,2021
208,My Wife Answers Subscribers Questions About Me | Alex The Analyst Show | Episode 19,6315,239,108,0,2021-06-03,11,Thu,Jun,2021
209,Favorite Tableau and Power BI Courses on Udemy,31495,852,86,0,2021-06-01,11,Tue,Jun,2021
210,Data Analyst Portfolio Project | Data Cleaning in SQL | Project 3/4,401683,7801,854,0,2021-05-25,11,Tue,May,2021
211,Data Analyst Portfolio Project | Tableau Visualization | Project 2/4,358175,5779,445,0,2021-05-18,11,Tue,May,2021
212,Asking My Family What I Do For a Living,3732,196,55,0,2021-05-11,11,Tue,May,2021
213,Data Analyst Portfolio Project | SQL Data Exploration | Project 1/4,1860345,32944,4062,0,2021-05-04,11,Tue,May,2021
214,Advanced SQL Tutorial | Subqueries,357352,8023,212,0,2021-04-20,11,Tue,Apr,2021
215,Data Analyst Q/A #6 | Why Am I Not a Data Scientist?,22199,825,149,0,2021-04-15,11,Thu,Apr,2021
216,Google vs IBM Data Analytics Certificates | Which is Better?,324201,11474,602,0,2021-04-13,11,Tue,Apr,2021
217,Data Analyst Reacts: How to Go From Data Analyst to Data Scientist,26149,924,84,0,2021-04-06,11,Tue,Apr,2021
218,Laptops for Data Analysts |  Specifications + Recommendations,178273,3957,305,0,2021-03-30,11,Tue,Mar,2021
219,Best Machine Learning Courses on Coursera,55780,1717,83,0,2021-03-23,11,Tue,Mar,2021
220,Will Data Analysts Be Automated? | Alex The Analyst | Episode 18,16274,476,120,0,2021-03-18,11,Thu,Mar,2021
221,Advanced SQL Tutorial | Stored Procedures + Use Cases,397548,7224,187,0,2021-03-16,11,Tue,Mar,2021
222,Google Data Analytics Professional Certificate | It's Finally Here!,361711,11098,1178,0,2021-03-12,12,Fri,Mar,2021
223,Google Data Analytics Certificate | Coming Out Soon!,51717,2368,316,0,2021-03-04,12,Thu,Mar,2021
224,Reviewing Your Data Analyst Resumes | Part 2,23008,565,78,0,2021-03-02,12,Tue,Mar,2021
225,Best Course to Learn Statistics for Data Analysis,102176,2640,90,0,2021-02-25,12,Thu,Feb,2021
226,DataQuest Review | Is it Worth it?,23864,416,45,0,2021-02-23,12,Tue,Feb,2021
227,R vs Python | Which is Better for Data Analysis?,220054,4942,401,0,2021-02-16,12,Tue,Feb,2021
228,Advanced SQL Tutorial | String Functions + Use Cases,171151,4363,149,0,2021-02-04,12,Thu,Feb,2021
229,Advanced SQL Tutorial | Temp Tables,244187,5521,141,0,2021-02-02,12,Tue,Feb,2021
230,IBM Data Analyst Certificate Study Session,5212,173,22,0,2021-01-30,15,Sat,Jan,2021
231,IBM Data Analyst Professional Certificate by Coursera | Is it Worth it?,118963,3044,302,0,2021-01-26,12,Tue,Jan,2021
232,DataCamp Review | Is it Worth it?,169709,3572,257,0,2021-01-21,12,Thu,Jan,2021
233,Best Python Course for Data Analysts,51646,1352,116,0,2021-01-19,12,Tue,Jan,2021
234,Top 5 Data Analyst Skills,30042,1291,172,0,2021-01-12,12,Tue,Jan,2021
235,Best Industries for Data Analysts in 2021 | Alex The Analyst Show | Episode 17,14932,483,147,0,2021-01-07,12,Thu,Jan,2021
236,Top 5 Data Analyst Interview Mistakes,77924,2004,72,0,2021-01-05,12,Tue,Jan,2021
237,2020 Year End Review + Upcoming Giveaway Details,1566,140,101,0,2020-12-31,12,Thu,Dec,2020
238,Data Analyst Resume | Everything You Need to Know | Alex The Analyst Show | Episode 16,41379,1191,138,0,2020-12-24,12,Thu,Dec,2020
239,Solving Medium Level SQL LeetCode Questions | Part 2/3,11099,241,32,0,2020-12-22,12,Tue,Dec,2020
240,Entry vs Mid vs Senior Level Data Analyst | Alex The Analyst Show | Episode 15,46550,1550,207,0,2020-12-17,12,Thu,Dec,2020
241,Data Engineer vs Data Analyst | Which Is Right For You?,81864,2713,145,0,2020-12-15,12,Tue,Dec,2020
242,How to Find Out Your Coworkers Salary | Alex The Analyst Show | Episode 14,2822,93,53,0,2020-12-10,12,Thu,Dec,2020
243,Advanced SQL Tutorial | CTE (Common Table Expression),327550,5332,185,0,2020-12-08,12,Tue,Dec,2020
244,"Data Analyst Salary (Expectations, Bonuses, 401K, ESPP) | Alex The Analyst Show | Episode 13",23021,739,189,0,2020-12-03,12,Thu,Dec,2020
245,Intermediate SQL Tutorial | Partition By,264343,6187,195,0,2020-12-01,12,Tue,Dec,2020
246,Data Analyst Q/A LIVE #5 | AMA,4838,131,18,0,2020-11-28,17,Sat,Nov,2020
247,Completely REALISTIC Jobs on LinkedIn | Alex The Analyst Show | Episode 12,24438,878,162,0,2020-11-25,11,Wed,Nov,2020
248,Completely Unrealistic Jobs on LinkedIn | Alex The Analyst Show | Episode 11,14390,568,206,0,2020-11-19,15,Thu,Nov,2020
249,Top 3 Tips on Using LinkedIn to Land a Job,275247,10365,225,0,2020-11-17,14,Tue,Nov,2020
250,What is No Code Analytics? | Alex The Analyst Show | Episode 10,3797,119,81,0,2020-11-12,12,Thu,Nov,2020
251,Solving LeetCode SQL Interview Questions | Part 1/3,24532,644,64,0,2020-11-10,15,Tue,Nov,2020
252,What is Analytics Consulting? With John Ariansen | Alex The Analyst Show | Episode 9,13003,377,116,0,2020-11-05,15,Thu,Nov,2020
253,Data Analyst Skills Path | What Skills You NEED to Know,76732,3599,275,0,2020-11-03,15,Tue,Nov,2020
254,Data Analyst Q&A LIVE #4,3479,105,25,0,2020-10-30,15,Fri,Oct,2020
255,Asking My Wife Your Questions About Me | Alex The Analyst Show | Episode 8,13919,558,222,0,2020-10-27,16,Tue,Oct,2020
256,Top 10 Udemy Courses for Data Analysts,161327,4682,280,0,2020-10-22,15,Thu,Oct,2020
257,Data Analyst Certifications | Are They Worth It? | Alex The Analyst Show | Episode 7,178706,6216,988,0,2020-10-20,14,Tue,Oct,2020
258,Working at a Startup vs Fortune 500 Company | Alex The Analyst Show | Episode 6,4676,172,73,0,2020-10-15,15,Thu,Oct,2020
259,Top 10 Coursera Courses for Data Analysts,107062,4687,285,0,2020-10-13,14,Tue,Oct,2020
260,Imposter Syndrome in Tech | Alex The Analyst Show | Episode 5,7259,362,176,0,2020-10-08,14,Thu,Oct,2020
261,Data Analyst Expectations vs Reality,75649,2800,188,0,2020-10-06,14,Tue,Oct,2020
262,Covid and the Data Analyst Job Market | Alex The Analyst Show | Episode 4,7216,252,161,0,2020-10-01,13,Thu,Oct,2020
263,Self Taught vs Boot Camp vs Degree | Alex The Analyst Show | Episode 3,45155,1509,717,0,2020-09-24,15,Thu,Sep,2020
264,Top 5 Reasons You'll Be a Good Data Analyst,14598,610,82,0,2020-09-22,13,Tue,Sep,2020
265,How I Changed Careers to Become a Data Analyst | Alex The Analyst Show | Episode 2,415636,12164,3823,0,2020-09-10,13,Thu,Sep,2020
266,Top 5 Reasons Data Analytics is a Good Career Choice,44316,1319,74,0,2020-09-08,14,Tue,Sep,2020
267,The Hiring Process from an Interviewer's Perspective | Alex The Analyst Show | Episode 1,20594,688,83,0,2020-09-03,15,Thu,Sep,2020
268,Top 5 Reasons Not to Lie on Your Resume,11956,204,121,0,2020-09-01,12,Tue,Sep,2020
269,Live Data Analyst Q&A #3,2917,99,43,0,2020-08-29,14,Sat,Aug,2020
270,Data Analyst Career Path | How to Become a Data Analyst + What to Do Next,130349,4658,273,0,2020-08-20,13,Thu,Aug,2020
271,Top 5 Reasons Not to Become a Data Analyst,921705,19773,1053,0,2020-08-12,14,Wed,Aug,2020
272,Data Analyst Bootcamps | Are They Worth It?,34023,576,94,0,2020-08-05,13,Wed,Aug,2020
273,What Does a Data Analyst Actually Do?,919482,18106,475,0,2020-07-29,13,Wed,Jul,2020
274,Data Analyst Question and Answer | Answering Your YouTube Questions,4468,172,67,0,2020-07-22,14,Wed,Jul,2020
275,Scraping Data Off Twitter Using Python | Twitterscraper + NLP + Data Visualization,54125,1378,158,0,2020-07-15,14,Wed,Jul,2020
276,Data Analyst vs Business Analyst | Which Is Right For You?,750616,19153,581,0,2020-07-03,14,Fri,Jul,2020
277,Best Free Online Courses for Data Analysts,56874,2750,95,0,2020-06-23,13,Tue,Jun,2020
278,Best Online Courses for Data Analysts,182191,9387,421,0,2020-06-17,14,Wed,Jun,2020
279,Data Scientist vs Data Analyst | Which Is Right For You?,776338,24097,861,0,2020-06-10,15,Wed,Jun,2020
280,Intermediate SQL Tutorial | Aliasing,144675,3918,100,0,2020-06-04,14,Thu,Jun,2020
281,Data Analyst Q&A LIVE,10431,257,54,0,2020-05-31,13,Sun,May,2020
282,Data Analyst Interviews | Salary Negotiation,25860,822,27,0,2020-05-27,15,Wed,May,2020
283,Data Analyst Interview Questions | What To Say vs What NOT To Say,72034,1741,35,0,2020-05-20,14,Wed,May,2020
284,SQL Interview Questions and Answers for Beginners | Data Analyst Interview Questions,122606,3209,111,0,2020-05-13,15,Wed,May,2020
285,Data Analyst Interview Questions | Phone + In-Person Interview Questions,79713,1615,62,0,2020-05-06,15,Wed,May,2020
286,Day in the Life of a Data Analyst | Fortune 500 Edition (During Quarantine),15168,520,52,0,2020-04-23,13,Thu,Apr,2020
287,Intermediate SQL Tutorial | Updating/Deleting Data,149346,3397,140,0,2020-04-16,12,Thu,Apr,2020
288,Intermediate SQL Tutorial | Having Clause,175144,4597,83,0,2020-04-09,16,Thu,Apr,2020
289,Intermediate SQL Tutorial | Case Statement | Use Cases,285766,7030,429,0,2020-04-02,15,Thu,Apr,2020
290,Intermediate SQL Tutorial | Unions | Union Operator,253082,4972,164,0,2020-03-26,16,Thu,Mar,2020
291,Intermediate SQL Tutorial | Inner/Outer Joins | Use Cases,513042,8832,470,0,2020-03-19,15,Thu,Mar,2020
292,Day in the Life of a Data Analyst | Fortune 500 Edition,125392,2577,266,0,2020-03-11,13,Wed,Mar,2020
293,SQL Basics Tutorial For Beginners | Group By + Order By Statements | 4/4,325828,8084,234,0,2020-03-03,15,Tue,Mar,2020
294,SQL Basics Tutorial For Beginners | Where Statement | 3/4,343842,6031,156,0,2020-03-02,16,Mon,Mar,2020
295,SQL Basics Tutorial For Beginners | Select + From Statements | 2/4,500440,7289,302,0,2020-03-01,17,Sun,Mar,2020
296,SQL Basics Tutorial For Beginners | Installing SQL Server Management Studio and Create Tables | 1/4,1384249,18027,2042,0,2020-03-01,00,Sun,Mar,2020
297,Data Analyst Fact Check |  84k Average Starting Salary?? | The Career Force 2020 Data Analyst Salary,25843,849,162,0,2020-02-26,15,Wed,Feb,2020
298,Data Analyst Resume | Reviewing YOUR Data Analyst Resumes!,25424,542,39,0,2020-02-24,16,Mon,Feb,2020
299,Data Analyst Salary in 2020,8147,157,25,0,2020-02-19,15,Wed,Feb,2020
300,Working With a Recruiter to Land Your First Job as a Data Analyst | LinkedIn Recruiters,14229,613,39,0,2020-02-14,18,Fri,Feb,2020
301,Switching Careers to Become a Data Analyst | How I Made the Switch,49093,1787,249,0,2020-02-11,15,Tue,Feb,2020
302,Data Analyst Resume | Complete Guide To Creating A Data Analyst Resume | Tips + Templates + Examples,120024,3509,104,0,2020-02-06,16,Thu,Feb,2020
303,Data Analyst Resume | Reviewing My Resume! | Fortune 500 Data Analyst,72462,1678,64,0,2020-01-30,14,Thu,Jan,2020
304,Working at a Big Company Vs Small Company | Told by a Fortune 500 Data Analyst,15205,412,22,0,2020-01-25,16,Sat,Jan,2020
305,Data Analyst Salary | 100k with No Experience,64507,2194,229,0,2020-01-23,03,Thu,Jan,2020
306,Truth About Big Companies | Told by a Fortune 500 Data Analyst,8929,328,19,0,2020-01-21,03,Tue,Jan,2020
307,Top 3 Data Analyst Skills in 2020,29020,1403,140,0,2020-01-17,14,Fri,Jan,2020
